{
  "Workflows": [
    {
      "Path": null,
      "SortBy": 0,
      "VariablesSectionElementsOrder": [],
      "ArgumentsSectionElementsOrder": null,
      "ConstantsSectionElementsOrder": [],
      "AddedNamespaces": null
    },
    {
      "Path": "Main.xaml",
      "SortBy": 0,
      "VariablesSectionElementsOrder": [
        "DtCalendarEvents&Sequence_4",
        "BrowserElement&Sequence_4",
        "ExtractDataTable&Sequence_4",
        "Dt&Sequence_4"
      ],
      "ArgumentsSectionElementsOrder": [],
      "ConstantsSectionElementsOrder": [],
      "AddedNamespaces": null
    },
    {
      "Path": "Workflows/LoginToGoogleCalendar.xaml",
      "SortBy": 0,
      "VariablesSectionElementsOrder": [
        "Password&Sequence_11",
        "UserName&Sequence_11",
        "URL&Sequence_11",
        "HomePageExists&Sequence_1"
      ],
      "ArgumentsSectionElementsOrder": [
        "out_BrowserElement"
      ],
      "ConstantsSectionElementsOrder": [],
      "AddedNamespaces": null
    },
    {
      "Path": "Workflows/ExportCalendarEvents.xaml",
      "SortBy": 0,
      "VariablesSectionElementsOrder": [
        "Events&Sequence_1",
        "ViewBar&Sequence_2"
      ],
      "ArgumentsSectionElementsOrder": [
        "out_ExtractDataTable"
      ],
      "ConstantsSectionElementsOrder": [],
      "AddedNamespaces": null
    },
    {
      "Path": "test.xaml",
      "SortBy": 0,
      "VariablesSectionElementsOrder": [
        "CurrentMonth&Sequence_1"
      ],
      "ArgumentsSectionElementsOrder": [],
      "ConstantsSectionElementsOrder": [],
      "AddedNamespaces": null
    },
    {
      "Path": "Workflows/ManipulateExportedData.xaml",
      "SortBy": 0,
      "VariablesSectionElementsOrder": [
        "DayOfEvent&Sequence_1",
        "EventDate&Sequence_1",
        "Count&Sequence_1",
        "NoOfEvents&Sequence_1",
        "EventName&Sequence_1",
        "ListEventName&Sequence_8",
        "CurrentMonthInt&Sequence_2",
        "DateOfEvent&Sequence_2",
        "CurrentMonth&Sequence_2",
        "EventCount&Sequence_2",
        "SplittedRow&Sequence_2"
      ],
      "ArgumentsSectionElementsOrder": [
        "out_DtExtractedData",
        "in_ExtractDataTable"
      ],
      "ConstantsSectionElementsOrder": [],
      "AddedNamespaces": null
    },
    {
      "Path": "Workflows/GenerateSummaryReport.xaml",
      "SortBy": 0,
      "VariablesSectionElementsOrder": [
        "Saturday&Sequence_1",
        "Friday&Sequence_1",
        "Thursday&Sequence_1",
        "Tuesday&Sequence_1",
        "Wednesday&Sequence_1",
        "Sunday&Sequence_1",
        "Monday&Sequence_1",
        "in_DtFilteredCalendarEvents&Sequence_2",
        "DtSummarySheet&Sequence_1",
        "EventInCurrentDay&Sequence_1",
        "DaysArray&Sequence_1",
        "test&Sequence_1",
        "FilteredMonday&Sequence_1",
        "BusyDay&Sequence_1",
        "testList&Sequence_1",
        "TotalNoOfEvents&Sequence_1"
      ],
      "ArgumentsSectionElementsOrder": [
        "in_DtCalendarEvents"
      ],
      "ConstantsSectionElementsOrder": [],
      "AddedNamespaces": null
    },
    {
      "Path": "Workflows/Close Application.xaml",
      "SortBy": 0,
      "VariablesSectionElementsOrder": [],
      "ArgumentsSectionElementsOrder": [],
      "ConstantsSectionElementsOrder": [],
      "AddedNamespaces": null
    }
  ]
}